year,month,demand_PJM,demand_MISO,demand_ERCO,demand_CISO,demand_SWPP,demand_ISNE,demand_NYIS,demand_SOCO,demand_TVA,demand_DUK,demand_AECI,demand_BPAT,demand_PACE,demand_PACW,demand_PSCO,demand_AZPS,demand_SRP,demand_WACM,demand_SCEG,demand_SC,demand_PNM,demand_EPE,demand_IPCO,demand_PGE,demand_LDWP,hdd,cdd,ip_first,ip_second,ip_third,ip_most_recent
2019,1,74755111.0,57698669.0,29794438.0,16934673.0,23583111.0,11033106.0,13897593.0,20413354.0,14604322.0,9514118.0,2424509.0,5254398.0,4335676.0,1943125.0,3908500.0,2211119.0,2181327.0,2328780.0,1953912.0,1824525.0,1216418.0,633959.0,1415121.0,1895042.0,2211677.0,1006.6458333333334,1.0625,-7.3682,-4.2812,-4.2547,-7.7773
2019,2,64545523.0,50578560.0,26019072.0,14833722.0,21210291.0,9664909.0,12219601.0,16286428.0,11792575.0,7916807.0,2106304.0,5270977.0,3688008.0,1914762.0,3512879.0,1970030.0,1948331.0,2144862.0,1627677.0,1518979.0,1053365.0,546322.0,1307179.0,1830369.0,2029771.0,874.3333333333333,5.083333333333332,2.2139,1.0944,-5.3155,-6.7453
2019,3,66473773.0,52531583.0,27902634.0,14534900.0,21154918.0,9833080.0,12782578.0,17593675.0,12516370.0,8040192.0,2055413.0,4989459.0,3853374.0,1838968.0,3624767.0,1927276.0,1921383.0,2178854.0,1730719.0,1567598.0,1061125.0,577528.0,1246506.0,1110453.0,2001262.0,757.3541666666666,4.895833333333333,-1.0825,1.1004,1.1014,1.1736
2019,4,56013573.0,47130205.0,26766831.0,15775247.0,19047670.0,8511976.0,11131491.0,16612590.0,11036370.0,7421892.0,1511365.0,4206866.0,3552530.0,1465232.0,3253163.0,2019524.0,1940638.0,1977089.0,1685016.0,1487545.0,994556.0,594780.0,1099204.0,1549728.0,1998353.0,358.18750000000006,21.979166666666668,-5.3344,-4.2927,-5.3344,-6.777
2019,5,61202866.0,51253735.0,32026964.0,16587085.0,20312245.0,8565751.0,11545170.0,20993261.0,13142523.0,9106631.0,1614790.0,4236556.0,3692196.0,1484409.0,3716813.0,2146829.0,2272927.0,1668869.0,2170655.0,1853230.0,1045826.0,682366.0,1268137.0,1529723.0,2056363.0,198.0833333333333,93.37500000000001,4.4853,4.4853,2.2242,1.1793
2019,6,65431862.0,54374152.0,35151113.0,18668222.0,22525202.0,9239235.0,12874136.0,21413963.0,13066412.0,9186680.0,1802445.0,4298838.0,4013252.0,1571081.0,3866114.0,2840968.0,2897923.0,1637131.0,2194209.0,1919133.0,1164422.0,819797.0,1591545.0,1552104.0,2152592.0,43.10416666666667,184.56249999999997,0.0,2.2201,2.2201,0.0
2019,7,81317005.0,63945891.0,39161576.0,21475316.0,27037859.0,12316026.0,16705687.0,23990054.0,14393377.0,10677246.0,2180083.0,4483551.0,4856094.0,1738347.0,4810858.0,3550148.0,3672762.0,1933566.0,2600639.0,2198644.0,1384434.0,967312.0,1920771.0,1633241.0,2611567.0,4.270833333333334,337.87499999999994,-2.1719,-2.1719,-2.1738,-5.7046
2019,8,75011527.0,61019392.0,41912533.0,22424531.0,26937252.0,11201599.0,15124337.0,24052965.0,15450992.0,10216028.0,2046614.0,4529408.0,4737081.0,1799292.0,4822256.0,3629169.0,3697770.0,1890896.0,2546099.0,2128300.0,1390688.0,1011576.0,1847035.0,1791922.0,2715976.0,8.770833333333334,283.08333333333337,7.9694,9.163,9.163,8.5621
2019,9,65693521.0,55822069.0,37298561.0,20481105.0,24302303.0,9037503.0,12587984.0,22569267.0,14553673.0,9578575.0,1951226.0,4020302.0,4002391.0,1553246.0,4111129.0,2945054.0,3056934.0,1668746.0,2290448.0,1857588.0,1208308.0,833679.0,1360217.0,1582370.0,2599023.0,62.64583333333333,197.70833333333331,-4.2812,-3.227,-4.2812,-3.4529
2019,10,58900025.0,50233471.0,30737725.0,17672424.0,20371314.0,8873847.0,11703331.0,18530082.0,11334532.0,8083584.0,1672219.0,4502126.0,3874025.0,1666892.0,3880178.0,2210967.0,2227261.0,1650417.0,1990488.0,1641296.0,1101759.0,650883.0,1242863.0,1684818.0,2214729.0,365.20833333333337,51.354166666666664,-9.4209,-10.4249,-5.3487,-10.061
2019,11,62508669.0,51057802.0,27668346.0,16641754.0,20994673.0,9386566.0,11993323.0,16876467.0,12466356.0,8132265.0,1975544.0,4784739.0,3872090.0,1752414.0,3985901.0,1964424.0,1933628.0,1645981.0,1841446.0,1669644.0,1120690.0,580463.0,1262734.0,1686636.0,1952306.0,704.7083333333333,4.520833333333333,14.1097,10.3808,11.582,6.0803
2019,12,68687674.0,53438481.0,29220907.0,17877229.0,22024440.0,10621222.0,13252593.0,18560586.0,12923163.0,8643686.0,2135863.0,5278131.0,4286750.0,1954559.0,4342856.0,2182608.0,2149981.0,1862008.0,1937445.0,1723326.0,1236202.0,637756.0,1423814.0,1927747.0,2168837.0,846.9999999999999,3.145833333333333,-4.285,-5.3202,-4.2774,-2.33
2020,1,69155637.0,54871764.0,28964355.0,17177557.0,22802998.0,10311996.0,13119825.0,19223921.0,13580081.0,8988691.0,2260074.0,5299453.0,4313386.0,1896141.0,4287398.0,2265168.0,2162808.0,1890236.0,1956628.0,1727249.0,1217911.0,609178.0,1373733.0,1894470.0,2104214.0,880.2708333333335,3.2708333333333344,-3.2386,-6.3751,-5.3392,-7.954
2020,2,63782963.0,50913716.0,28006899.0,15825289.0,21135556.0,9385936.0,12087604.0,17800723.0,12839201.0,8260472.0,2099471.0,4887409.0,3914900.0,1721438.0,4068638.0,1926035.0,1977595.0,1761751.0,1835875.0,1632025.0,1092200.0,563640.0,1288940.0,1751869.0,1988705.0,823.2500000000002,3.0625,6.8092,5.6403,2.2221,4.8574
2020,3,58714046.0,49360770.0,28211530.0,16323421.0,19938184.0,9051883.0,11649721.0,17114361.0,11588669.0,7809804.0,1775349.0,4973834.0,3798336.0,1741088.0,3892877.0,1868062.0,1964623.0,1719312.0,1785751.0,1487812.0,1065412.0,566608.0,1201196.0,1787510.0,1964479.0,591.0000000000001,17.625,-48.5224,-42.9875,-42.9576,-38.3047
2020,4,52752162.0,43190472.0,26900316.0,14984406.0,18091560.0,8085858.0,10323370.0,15087377.0,10208306.0,6677214.0,1572540.0,4280621.0,3290596.0,1488286.0,3504964.0,1917678.0,2086464.0,1496923.0,1595023.0,1490584.0,949582.0,559801.0,1190930.0,1528617.0,1878714.0,447.91666666666674,18.875,-76.0161,-79.9902,-80.4772,-81.561
2020,5,55536020.0,46133395.0,31160745.0,17147503.0,18931580.0,8038409.0,10695640.0,17441776.0,11255219.0,7364749.0,1564902.0,4250840.0,3555559.0,1481526.0,3643269.0,2616987.0,2839198.0,1467113.0,1881940.0,1641323.0,1071932.0,751227.0,1425965.0,1539966.0,2123347.0,210.6458333333333,75.02083333333334,18.4902,18.5121,11.0493,21.7691
2020,6,65939710.0,55018148.0,35284158.0,18584258.0,24175602.0,9747729.0,12899280.0,20303277.0,13298551.0,8812610.0,1971362.0,4241597.0,3897189.0,1540392.0,4065090.0,2986610.0,3176399.0,1649585.0,2152442.0,1766937.0,1196299.0,895723.0,1636361.0,1541120.0,2192279.0,40.93750000000001,215.7291666666667,88.0852,93.4378,103.3617,113.1887
2020,7,82327655.0,64315863.0,40211898.0,21005290.0,27438479.0,12176301.0,16426661.0,23559031.0,15828899.0,10554982.0,2304175.0,4590340.0,4561778.0,1806959.0,4663722.0,3705665.0,3752906.0,1915633.0,2607629.0,2165497.0,1366918.0,1038888.0,1926531.0,1744765.0,2510394.0,6.145833333333333,355.75,44.0182,52.6867,63.8527,54.8594
2020,8,72888071.0,60348552.0,40706237.0,23176647.0,26438901.0,11467013.0,15175100.0,23239901.0,14949902.0,10107019.0,2058097.0,4505136.0,4663822.0,1818818.0,4772189.0,3731284.0,4007914.0,1818427.0,2459100.0,2095365.0,1369439.0,1025275.0,1919445.0,1785406.0,2724990.0,7.979166666666666,297.5625,4.8574,6.0619,9.8588,13.3892
2020,9,61190600.0,49837987.0,32857054.0,20631233.0,21035983.0,9153863.0,12241548.0,19575101.0,12702916.0,8298414.0,1688267.0,3839468.0,3759583.0,1590940.0,3841055.0,3074593.0,3163790.0,1544785.0,2091286.0,2044363.0,1103065.0,771414.0,1442629.0,1627397.0,2465977.0,91.66666666666666,128.16666666666669,-7.9165,-4.5837,-1.1622,0.0
2020,10,57087298.0,48562617.0,31264247.0,19147058.0,20395457.0,8799683.0,11364394.0,17486247.0,11045405.0,7521910.0,1706502.0,4188951.0,3646261.0,1626576.0,3736857.0,2492543.0,2518891.0,1555449.0,1863486.0,1825714.0,1052304.0,670386.0,1229754.0,1661154.0,2336215.0,346.02083333333337,40.83333333333334,13.7228,12.3437,12.3437,9.1096
2020,11,57796854.0,47398486.0,27166552.0,16317682.0,19378109.0,8964084.0,11289292.0,16359361.0,11322823.0,7493495.0,1749261.0,4627722.0,3668910.0,1780944.0,3698937.0,2022230.0,2076879.0,1533928.0,1712007.0,1708687.0,973318.0,554224.0,1285773.0,1782758.0,1921775.0,527.2291666666667,11.708333333333336,4.7329,5.9477,12.181,5.0783
2020,12,69669585.0,54191353.0,30229269.0,17573418.0,22295347.0,10420679.0,12924664.0,20273613.0,14349237.0,9265065.0,2216782.0,5209984.0,4098098.0,2009347.0,4253286.0,2222412.0,2254901.0,1737194.0,2095878.0,2196476.0,1212727.0,654986.0,1502205.0,1968895.0,2123539.0,880.4166666666666,0.9583333333333336,20.0856,15.928,12.0708,17.3034
2021,1,71680825.0,55196002.0,30820550.0,16981946.0,22756520.0,10567983.0,13211963.0,20092821.0,14518186.0,9469821.0,2377097.0,5120676.0,4164699.0,1951095.0,4135103.0,2210502.0,2241767.0,1759651.0,2076492.0,2208150.0,1190733.0,643570.0,1437876.0,1920129.0,1952680.0,940.6875,1.1041666666666663,11.9034,15.7832,11.9389,6.2709
2021,2,67205723.0,53021950.0,28988946.0,14766208.0,22335827.0,9710363.0,12165308.0,18228950.0,13837429.0,8628208.0,2552596.0,4897268.0,3602606.0,1792797.0,3792860.0,1834869.0,1887783.0,1725726.0,1870835.0,1993427.0,1052617.0,544076.0,1279498.0,1757739.0,1789391.0,955.6458333333333,3.75,-23.812,-27.2762,-34.4988,-33.4514
2021,3,62196145.0,49301172.0,27265420.0,16485160.0,20058238.0,9341813.0,11938398.0,17110737.0,11915135.0,7879707.0,1800488.0,4851472.0,4004114.0,1807017.0,3880047.0,2002555.0,2028647.0,1697678.0,1797763.0,1852602.0,1089339.0,581304.0,1261155.0,1845497.0,1895028.0,607.7083333333331,9.0,18.7294,33.3101,35.9662,41.399
2021,4,55830234.0,46216537.0,28061172.0,15919029.0,19198668.0,8149185.0,10611716.0,16187302.0,11306730.0,7367862.0,1610457.0,4241540.0,3678612.0,1586317.0,3558991.0,2093233.0,2286358.0,1670671.0,1716588.0,1767867.0,979093.0,596002.0,1262174.0,1612657.0,1869714.0,395.16666666666663,17.145833333333332,8.2511,1.2201,1.2201,2.4665
2021,5,59619974.0,49292955.0,31757802.0,17316363.0,19976720.0,8409023.0,11318095.0,18438203.0,12150074.0,8053838.0,1607255.0,4311511.0,3994841.0,1598709.0,3494349.0,2517352.0,2728728.0,1781714.0,1987423.0,2001606.0,1106129.0,759599.0,1501105.0,1609790.0,2025114.0,202.41666666666669,72.1875,11.4714,8.8227,10.1184,10.1828
2021,6,70248067.0,58224216.0,37261642.0,19765817.0,24388482.0,10488719.0,13701682.0,21097810.0,14158496.0,9237999.0,2000927.0,4511282.0,4760981.0,1815627.0,4196330.0,3381037.0,3409774.0,1400366.0,2208018.0,2208632.0,1290494.0,939883.0,2010261.0,1828122.0,2327940.0,22.104166666666668,247.54166666666666,4.9221,2.4266,4.912,4.9373
2021,7,77544809.0,62222900.0,39518111.0,22814350.0,26730779.0,10911241.0,15003004.0,22947860.0,15566781.0,10339119.0,2191268.0,4717735.0,5152978.0,2005582.0,4819507.0,3600533.0,3694540.0,1925371.0,2434712.0,2430444.0,1367574.0,933659.0,2214803.0,1888908.0,2598596.0,4.5625,308.45833333333337,11.3272,11.3153,12.6292,6.1805
2021,8,79374507.0,63683899.0,41357931.0,22166914.0,27081233.0,11950434.0,15618202.0,23614910.0,5885186.0,10524157.0,2243149.0,4512853.0,4589703.0,1886791.0,4736631.0,3537135.0,3656551.0,1926359.0,2508190.0,2440605.0,1338856.0,952268.0,1819951.0,1917679.0,2641359.0,9.833333333333332,309.2291666666667,4.8476,-1.177,0.0,-3.5308
2021,9,64921456.0,52284526.0,36632844.0,20136231.0,23355646.0,9525455.0,12619186.0,20075810.0,12924099.0,8551862.0,1897207.0,3890857.0,3941787.0,1611470.0,4085754.0,3113848.0,3152409.0,1626799.0,2105971.0,2081682.0,1232591.0,831986.0,1421305.0,1645109.0,2429026.0,53.47916666666667,143.12500000000003,-14.358,-14.358,-11.2445,-12.43
2021,10,4165767718.0,50906936.0,32737074.0,17694110.0,20310892.0,8801109.0,11558297.0,18587126.0,12173508.0,7949340.0,1657358.0,4328721.0,3675583.0,1648042.0,3746655.0,2273909.0,2355521.0,1544125.0,1920259.0,1899006.0,1079406.0,668695.0,1218522.0,1704930.0,2115393.0,249.31249999999997,49.64583333333334,20.983,22.3952,16.7652,16.9653
2021,11,61784013.0,49248365.0,27931255.0,16566433.0,19941357.0,8977989.0,11555533.0,17974142.0,12304137.0,8218177.0,1858228.0,4606782.0,3743622.0,1728709.0,3782114.0,2051548.0,2070240.0,1660708.0,1857498.0,1949699.0,1065140.0,572050.0,1250528.0,1766573.0,1942070.0,611.6041666666667,2.8958333333333326,6.0558,8.6147,11.2097,8.713
2021,12,66126310.0,52552088.0,30185742.0,18408800.0,21403988.0,10268722.0,12656621.0,18620587.0,12702723.0,8394487.0,1982676.0,5688555.0,4177992.0,2072508.0,4142597.0,2224638.0,2179359.0,1913916.0,1872232.0,1976485.0,1211558.0,609498.0,1486091.0,2071327.0,2109591.0,757.6875000000002,7.666666666666666,-1.1701,-1.169,-4.6057,-3.5101
2022,1,77284688.0,58834299.0,33412638.0,17333243.0,24192461.0,11189349.0,13947211.0,22209659.0,15890912.0,10098526.0,2645736.0,5717853.0,4321139.0,2098058.0,4301961.0,2232710.0,2240248.0,1971412.0,2226706.0,2450188.0,1222571.0,643311.0,1599376.0,2051123.0,2047543.0,1074.1249999999998,2.1458333333333335,19.1467,17.848,13.7944,-4.6684
2022,2,65098019.0,51560523.0,31280947.0,15254793.0,21608001.0,9553515.0,12013893.0,18088338.0,13210234.0,8219418.0,2277675.0,4893685.0,3876211.0,1794360.0,3909753.0,1950854.0,1982778.0,1733780.0,1771752.0,1903675.0,1108016.0,573467.0,1387624.0,1797434.0,1887196.0,860.7500000000002,2.7708333333333335,7.2187,11.038,12.3437,7.4271
2022,3,62072278.0,51104617.0,30499647.0,16441613.0,21540020.0,9437501.0,12130560.0,17967451.0,12467759.0,8040261.0,1984594.0,4852299.0,4006676.0,1757535.0,4010556.0,2055841.0,2125237.0,1768483.0,1761467.0,1922564.0,1120032.0,589012.0,1292111.0,1833663.0,2153170.0,651.375,6.541666666666666,12.2182,10.9375,5.9477,7.3814
2022,4,57628041.0,47616555.0,30817979.0,15830437.0,19777890.0,8058608.0,10777221.0,17136012.0,11524678.0,7457243.0,1696650.0,4635201.0,3569544.0,1696435.0,3560568.0,2143749.0,2309389.0,1662986.0,1700449.0,1858078.0,1022969.0,624003.0,1270992.0,1746880.0,2090152.0,443.35416666666674,22.937499999999996,13.3892,17.3872,9.6605,0.0
2022,5,62147861.0,52618040.0,38516431.0,17263904.0,22218668.0,8645691.0,11487212.0,20868817.0,13245688.0,8622317.0,1772558.0,4461633.0,3721748.0,1610815.0,3721650.0,2652472.0,2830756.0,1778898.0,2124265.0,2193611.0,1145323.0,806224.0,1443279.0,1677110.0,2132796.0,173.14583333333334,107.0625,2.2988,1.1544,-1.1445,-1.177
2022,6,69420697.0,58490261.0,42090162.0,19969828.0,25589219.0,9264127.0,12672266.0,24082924.0,15321823.0,9866564.0,2121044.0,4401740.0,4376516.0,1571462.0,4104607.0,3360672.0,3499159.0,1796449.0,2391752.0,2380207.0,1275169.0,960343.0,1657706.0,1652581.0,2368802.0,43.645833333333336,208.0,-2.2705,0.0,0.0,-3.4965
2022,7,79514539.0,63924885.0,45966225.0,21958251.0,29632793.0,11954578.0,15765179.0,24335699.0,16923908.0,10863368.0,2509223.0,4937009.0,5268842.0,1981561.0,4706632.0,3824634.0,3876063.0,2211425.0,2567909.0,2605703.0,1446261.0,1047616.0,2206484.0,1955976.0,2338432.0,3.6041666666666674,336.0,7.1329,5.9126,9.6218,2.4023
2022,8,78128449.0,61369084.0,43138483.0,23669637.0,28490245.0,12112455.0,15930426.0,22750289.0,15671454.0,10370766.0,2274869.0,4907889.0,4805230.0,1903914.0,4126605.0,3602119.0,3673388.0,2586235.0,2454616.0,2484661.0,1346640.0,952495.0,2054255.0,2035560.0,2579023.0,2.7083333333333335,293.72916666666663,-2.2683,-1.138,-1.139,-1.1793
2022,9,64203728.0,53193653.0,37513069.0,22290514.0,23503297.0,8978714.0,12366374.0,19530223.0,12989466.0,8655229.0,1862880.0,4139528.0,4156239.0,1563097.0,3456327.0,3259989.0,3256362.0,2281966.0,2125677.0,2136644.0,1221673.0,820789.0,1559504.0,1741765.0,2543936.0,76.58333333333334,141.60416666666669,4.6775,1.1522,4.6958,2.3999
2022,10,58344304.0,48225948.0,32275694.0,18669783.0,20473086.0,8526617.0,11118817.0,16770560.0,11516362.0,7648313.0,1690539.0,4205573.0,3996893.0,1546214.0,3107704.0,2481307.0,2403710.0,2545737.0,1768146.0,1901499.0,1099767.0,633630.0,1278430.0,1729358.0,1991226.0,334.9791666666667,19.0,-1.139,-1.139,0.0,0.0
2022,11,61350013.0,49844048.0,31211524.0,16686534.0,21331565.0,8868102.0,11420315.0,17175125.0,12339198.0,8048579.0,1997560.0,5222593.0,4055458.0,1876223.0,3413980.0,2085598.0,2120617.0,2818814.0,1791672.0,1924306.0,1178052.0,590762.0,1437796.0,1949075.0,1804484.0,662.0208333333333,9.64583333333333,-2.2683,-6.658,-6.6703,-3.4965
2022,12,72834608.0,56159483.0,33911462.0,18230936.0,24150448.0,10339523.0,13054435.0,20015387.0,14530145.0,9789041.0,2538478.0,5973020.0,4451203.0,2126707.0,3813321.0,2369813.0,2436631.0,3058468.0,2126793.0,2359346.0,1282590.0,649421.0,1632228.0,2165465.0,1927760.0,964.3333333333334,2.9999999999999996,-8.8338,-11.9794,-15.0367,-13.3617
2023,1,69227888.0,54245027.0,32113048.0,17849236.0,23450493.0,10153933.0,12682908.0,18828411.0,13637423.0,9024782.0,2340737.0,5469309.0,4500667.0,2005821.0,3816321.0,2412539.0,2452558.0,2949900.0,1947214.0,2192422.0,1295199.0,642438.0,1556824.0,2051764.0,1963949.0,888.1875,1.8125000000000004,1.1724,2.3691,11.175,8.7492
2023,2,61354096.0,48551526.0,30450275.0,15630193.0,21027122.0,9193131.0,11436243.0,16286380.0,11897543.0,7694599.0,2016671.0,5082330.0,4098245.0,1822008.0,3154583.0,2073285.0,2237197.0,2636426.0,1692005.0,1883390.0,1127566.0,564658.0,1379317.0,1896673.0,1806346.0,783.3958333333334,6.166666666666667,0.0,2.3691,0.0,1.2006
2023,3,65097075.0,51682734.0,31963400.0,17287933.0,22051654.0,9232021.0,12021741.0,17574410.0,12419506.0,8217561.0,2037627.0,5260634.0,4396014.0,1922041.0,2885563.0,2181416.0,2168969.0,2747064.0,1792050.0,2014929.0,1172050.0,580199.0,1429136.0,2002199.0,1937027.0,743.7708333333334,9.020833333333332,4.78,0.0,2.3668,4.8771
2023,4,56596269.0,46396152.0,30869758.0,15816617.0,19956263.0,7815985.0,10484398.0,16257623.0,11076612.0,7472658.0,1600020.0,4580641.0,3951580.0,1625065.0,3125051.0,2197437.0,2322923.0,2379718.0,1752614.0,1902274.0,1049611.0,584600.0,1225415.0,1787170.0,1726237.0,402.125,17.9375,6.0133,6.0013,7.2404,3.6232
2023,5,59119638.0,50852394.0,36570499.0,17171766.0,21855054.0,7841484.0,10824015.0,18309681.0,12459814.0,8028697.0,1731958.0,4506508.0,3898718.0,1544455.0,3163939.0,2651984.0,2883291.0,2440833.0,1799529.0,2066257.0,1115290.0,750994.0,1482272.0,1745282.0,1810039.0,161.85416666666663,62.583333333333314,-2.301,-5.6562,-4.5576,-4.6368
2023,6,64079944.0,57034932.0,42855813.0,17158006.0,28260730.0,8967892.0,12004282.0,20337573.0,13751427.0,8698908.0,2024288.0,4365604.0,4059225.0,1576122.0,3373345.0,2940680.0,3234733.0,2453991.0,2093580.0,2270896.0,1213931.0,925891.0,1613999.0,1690370.0,1769641.0,51.27083333333335,160.29166666666666,-6.7834,-8.9574,-4.5706,-9.1102
2023,7,79035906.0,62924627.0,47601739.0,22302874.0,28121597.0,11729338.0,15610231.0,23872808.0,15762087.0,10775373.0,2315212.0,4779852.0,5059961.0,1849389.0,4175407.0,4373026.0,4448749.0,2945653.0,2569873.0,2708066.0,1554591.0,1166672.0,2178143.0,1937834.0,2281597.0,5.562500000000002,323.20833333333337,12.4331,8.5187,12.3819,10.0234
2023,8,75566844.0,63861059.0,50490077.0,22645066.0,29634454.0,10292597.0,13964808.0,24521628.0,15826106.0,10623482.0,2259911.0,4733691.0,4777553.0,1839484.0,4215778.0,4102178.0,4148216.0,3026592.0,2573546.0,2668851.0,1417367.0,1068562.0,1897246.0,2042028.0,2406354.0,9.104166666666666,272.22916666666663,4.7563,0.0,0.0,-1.1828
2023,9,64823916.0,54138655.0,43224981.0,19165005.0,24091884.0,9457707.0,12571904.0,19922863.0,13265957.0,8800372.0,1798827.0,4114061.0,4043888.0,1512315.0,3594460.0,3232928.0,3267242.0,2621290.0,2056842.0,2208838.0,1209106.0,908085.0,1428847.0,1680272.0,2024685.0,67.22916666666667,145.5625,3.5412,1.1679,1.169,2.4071
2023,10,59590421.0,49889353.0,35723631.0,18442668.0,21420937.0,8460291.0,11361420.0,17077601.0,11833067.0,7875118.0,1658088.0,4284362.0,3762900.0,1572586.0,3450130.0,2754175.0,2754882.0,2461071.0,1792962.0,1942334.0,1084342.0,716798.0,1253170.0,1786767.0,1998798.0,300.3333333333333,39.43749999999999,-7.828,-9.9683,-8.9075,-5.7815
2023,11,60359691.0,48988358.0,31538165.0,16829891.0,21248034.0,8946418.0,11572320.0,17025777.0,12176402.0,8193082.0,1838113.0,4981105.0,3914749.0,1774090.0,3429791.0,2268250.0,2158625.0,2646602.0,1606586.0,1993728.0,1116750.0,588437.0,1329791.0,1855319.0,1681367.0,631.0833333333333,4.625,3.5728,-1.1645,3.5728,4.8821
2023,12,68081337.0,52402573.0,33392552.0,17839097.0,23045188.0,9903998.0,12509782.0,19421593.0,13682932.0,9157482.0,2107548.0,5351225.0,4338389.0,1912909.0,3917418.0,2379484.0,2265356.0,2948936.0,1966748.0,2236928.0,1256830.0,646364.0,1510669.0,2016683.0,1890301.0,770.9166666666665,1.2291666666666665,1.1782,0.0,-3.4397,-3.5101
2024,1,75477297.0,58336106.0,38279875.0,17484784.0,26334646.0,10826477.0,13415964.0,21826367.0,26287169.0,10171278.0,2764762.0,5872944.0,4534735.0,2063990.0,4050181.0,2605520.0,2455548.0,3035460.0,2102355.0,2380269.0,1295887.0,657556.0,1588545.0,2155962.0,1938048.0,1017.9583333333333,1.0833333333333333,-1.1622,-5.6883,-8.9657,-15.4791
2024,2,64525960.0,48229261.0,30719945.0,15933187.0,20407628.0,9309041.0,11871158.0,17636626.0,12519890.0,8397532.0,1703583.0,5062512.0,4115946.0,1771053.0,3572945.0,2210212.0,2139905.0,2626679.0,1822723.0,2087312.0,1154973.0,566185.0,1326611.0,1859175.0,1850296.0,728.625,1.2291666666666667,1.1805,6.0558,9.8487,14.1487
2024,3,61065580.0,48925233.0,32445165.0,16116557.0,21454431.0,9046826.0,11680589.0,16975842.0,12085013.0,8025566.0,1592604.0,5071887.0,4261741.0,1791908.0,3654105.0,2266048.0,2038817.0,2772131.0,1708803.0,1947513.0,1148301.0,568902.0,1337365.0,1901688.0,1805971.0,617.3958333333335,4.437499999999999,4.7943,2.3644,-2.3143,2.4192
2024,4,58020160.0,46731261.0,33582123.0,15485029.0,20706744.0,8002478.0,10656695.0,16763030.0,12542793.0,7700437.0,1401993.0,4597438.0,3888367.0,1564962.0,3327467.0,2208051.0,2322796.0,2518878.0,1747256.0,1885584.0,1037638.0,603625.0,1217670.0,1684376.0,1599127.0,369.4791666666667,22.895833333333336,0.0,1.1782,0.0,-3.5239
2024,5,63693788.0,52003778.0,40180888.0,16975524.0,22826782.0,8323774.0,11360389.0,19958840.0,13165157.0,8715678.0,1532377.0,4587555.0,4106796.0,1586294.0,3388577.0,2743642.0,2894593.0,2628052.0,2084409.0,2225010.0,1116249.0,798537.0,1469153.0,1709299.0,1732957.0,151.81250000000003,89.9375,9.7785,11.0719,9.7785,8.713
2024,6,73538313.0,58216753.0,44585457.0,19355808.0,26580303.0,9723832.0,13629320.0,22576754.0,15129755.0,10002043.0,1938530.0,4494913.0,4743647.0,1621070.0,4053034.0,3727319.0,3817846.0,2910310.0,2303175.0,2254566.0,1312127.0,1046616.0,1859909.0,1688969.0,1587946.0,31.416666666666664,232.58333333333334,8.4417,2.3482,1.169,0.0
2024,7,81597773.0,60790640.0,44789214.0,23814280.0,28995345.0,12051424.0,15991582.0,24065547.0,16251737.0,10991526.0,2062125.0,5063744.0,5216421.0,1976666.0,4377599.0,4472694.0,4484628.0,3189271.0,2615540.0,2712948.0,1378413.0,1066868.0,2210550.0,2053664.0,1272884.0,4.708333333333332,326.18749999999994,-6.739,-11.0177,-6.7579,-10.1939
2024,8,77648766.0,63307006.0,49569648.0,22903489.0,29488116.0,10672326.0,14537214.0,24464094.0,16250809.0,10434635.0,2061408.0,4813187.0,4904964.0,1817718.0,4342529.0,4239024.0,4209408.0,3142990.0,2496673.0,2563419.0,1421120.0,1105590.0,1969576.0,1948965.0,2346342.0,14.875,271.35416666666674,9.7985,3.5658,6.0133,4.907
2024,9,64428389.0,53892156.0,41270092.0,20751322.0,24452236.0,8606683.0,11906862.0,19793300.0,13311168.0,8424556.0,1622729.0,4347008.0,4178405.0,1622047.0,3723235.0,3607492.0,3600349.0,2771028.0,2052344.0,2202702.0,1216934.0,870061.0,1516227.0,1801872.0,2089726.0,48.333333333333336,136.45833333333331,-3.443,-5.6722,-6.7643,-6.9402
2024,10,59640275.0,50171505.0,39612493.0,19663394.0,22639688.0,8406503.0,11152234.0,17988820.0,12249227.0,7902384.0,1477806.0,4520481.0,4092702.0,1633522.0,3438338.0,3092169.0,3025528.0,2635142.0,1860739.0,2018045.0,1157725.0,748815.0,1338863.0,1800518.0,1915054.0,259.6666666666667,45.208333333333336,-2.3165,-4.5837,-5.6937,-3.5482
2024,11,60487709.0,49060042.0,33838530.0,17285725.0,21277765.0,8772837.0,11292842.0,17139638.0,11920322.0,7818402.0,1559861.0,4985543.0,4238549.0,1812768.0,3658934.0,2307895.0,2197702.0,2766582.0,1754946.0,1934700.0,1163837.0,585770.0,1374451.0,1942030.0,1561089.0,568.2708333333334,13.291666666666666,-1.169,2.3761,-1.169,-2.3856
2024,12,73096326.0,54992825.0,34889133.0,18260408.0,24061518.0,10642678.0,13386648.0,20160325.0,14341889.0,9553016.0,2043090.0,5647794.0,4482236.0,2017680.0,3880859.0,2519824.0,2359076.0,2949107.0,2064044.0,2374028.0,1267554.0,637957.0,1551568.0,2152748.0,1854874.0,863.3333333333331,1.791666666666667,11.0833,12.4203,15.0679,12.7769
2025,1,81957738.0,60645467.0,40431522.0,17765920.0,27071237.0,11277491.0,14123147.0,23514687.0,17292388.0,11126517.0,2606857.0,6055241.0,4700375.0,2115695.0,4236772.0,2685311.0,2563340.0,3201460.0,2399190.0,2776387.0,1356985.0,691784.0,1632682.0,2215823.0,1834766.0,1129.4375,0.22916666666666666,5.9833,2.3505,2.3528,-2.3668
2025,2,68573342.0,51891335.0,34647600.0,15632596.0,23754994.0,9857008.0,12336313.0,17191048.0,13365941.250000004,8489202.0,2184968.0,5461798.0,4099899.0,1903018.0,3599432.0,2551946.0,2135691.0,2804402.0,1777483.0,2056355.0,1102289.0,543501.0,1426875.0,1983331.0,1786361.0,871.7291666666666,3.687500000000001,9.6898,10.9708,10.982,12.6691
2025,3,64599159.0,49827842.0,34710083.0,16608507.0,22209646.0,9067545.0,11725247.0,17413192.0,12519934.650000006,8092312.0,1600037.0,5124017.0,4260067.0,1764877.0,3547929.0,2654682.0,2355509.0,2904505.0,1761175.0,2048493.0,1167595.0,590345.0,1333130.0,1955194.0,2038825.0,593.1875,6.624999999999999,-3.4007,-2.2813,-3.4071,-1.1805
2025,4,59475660.0,47809893.0,36521300.0,16389996.0,21468818.0,7948832.0,10726931.0,17478366.0,12103375.0,7812285.0,1418725.0,4645367.0,3996547.0,1543823.0,3345984.0,2458957.0,2467060.0,2715618.0,1785420.0,1979417.0,1082636.0,625773.0,1307260.0,1745608.0,1902405.0,374.75,30.666666666666664,0.0,1.1633,0.0,1.1946
2025,5,61265161.0,50597135.0,41155394.0,18213676.0,23020616.0,8080875.0,11029133.0,19455010.0,12760978.0,8323172.0,1417316.0,4677499.0,4297778.0,1606494.0,3413248.0,2985099.0,3025324.0,2687411.0,2014261.0,2185033.0,1126378.0,769584.0,1571812.0,1756241.0,2019269.0,174.6041666666667,67.77083333333333,-2.2878,0.0,0.0,-1.1805
2025,6,74530971.0,58965829.0,45146143.0,19354400.0,26079556.0,9601871.0,13182391.0,21570629.0,15199914.0,10164860.0,1833520.0,4763859.0,4876604.0,1309777.0,3870546.0,3693630.0,3716377.0,2790675.0,2395735.0,2527510.0,1282506.0,994094.0,1914999.0,1803298.0,2132241.0,37.60416666666667,229.375,3.5273,4.7282,5.9418,6.105
2025,7,86508923.0,67372967.0,47791469.0,21134085.0,30383387.0,11912510.0,16291652.0,24936657.0,17656792.0,11617334.0,2268901.0,5183098.0,5353372.0,1568884.0,4486122.0,4299860.0,4246051.0,3185028.0,2700200.0,2823836.0,1410343.0,1023566.0,2134528.0,2092832.0,2192124.0,4.5625,342.74999999999994,-1.1467,-4.5105,,4.8329
2025,8,75476294.0,62713697.0,49484422.0,23055010.0,29236425.0,10050814.0,13700648.0,22294199.0,15970405.0,9678925.0,2022950.0,5103007.0,5038912.0,1557984.0,4290133.0,4592109.0,4447118.0,3109421.0,2239085.0,2479231.0,1448027.0,1075469.0,1985221.0,2147866.0,2483435.0,15.437500000000002,244.54166666666669,1.1622,,,-3.4762
2025,9,65874759.0,54920219.0,43971394.0,21467109.0,24692010.0,8588048.0,11757093.0,20062225.0,13845699.0,8633071.0,1666071.0,4537489.0,4306429.0,1679319.0,3500863.0,3896979.0,3643510.0,2654184.0,2051932.0,2222695.0,1187207.0,876492.0,1559638.0,1887392.0,2357934.0,51.33333333333332,132.45833333333334,,,,1.1875
2025,10,62305939.0,51733581.0,41072528.0,18580257.0,23648181.0,8512014.0,11142764.0,17835695.0,12514915.0,8007357.0,1540093.0,4831537.0,4069965.0,1657886.0,3449610.0,3146782.0,2895615.0,2679040.0,1799186.0,2034291.0,1118132.0,744461.0,1293973.0,1881105.0,1964135.0,295.7291666666667,41.41666666666666,,,,-5.7428
2025,11,64222602.0,49575044.0,35451702.0,17289576.0,22237402.0,9136099.0,11604014.0,17429764.0,12441473.0,8036719.0,1592843.0,5020586.0,4008019.0,1710667.0,3547173.0,2864003.0,2471159.0,2725054.0,1747674.0,2011630.0,1100942.0,593432.0,1294976.0,1922248.0,1855386.0,586.8333333333334,6.1875,,,,-2.3459
2025,12,78286028.0,57718361.0,37651867.0,18531067.0,26017541.0,11232837.0,13912364.0,20336442.0,15045777.0,9818961.0,2167362.0,5699784.0,4597834.0,1920291.0,3962967.0,3033957.0,2449170.0,2842696.0,2040454.0,2420034.0,1233605.0,634544.0,1472770.0,2107354.0,2068947.0,910.6875,2.770833333333334,3.5871,2.3927,3.6086,6.105
2026,1,82443379.0,60256841.0,39716906.0,18171776.0,26336769.0,11611954.0,14374112.0,21615901.0,16327938.0,10512935.0,2478047.0,6146214.0,4673876.0,2064797.0,4091801.0,3027673.0,2513228.0,2664583.0,2053257.6608808842,2575137.0,1286739.0,653378.0,1608574.16118,2211685.0,1753465.0,1055.8125,1.4374999999999996,8.5883,8.5796,0.0,-5.7538
2026,2,72412612.0,50592494.0,33229072.0,16135883.0,22005134.0,10357083.0,12680494.0,18439056.0,13674890.0,9102269.0,1792331.0,5266984.0,3984997.0,1721551.0,3511242.0,2611910.0,2305253.0,2458201.0,1944534.0,2261354.0,1088240.0,556147.0,1309822.0,1919015.0,1794576.0,788.8749999999999,2.6666666666666665,2.3691,8.5883,7.3288,11.233
2026,3,67138594.0,51919033.0,37914647.0,18454871.0,23941543.0,9570619.0,12002739.0,18052245.0,12561138.0,8235077.0,1615173.0,5535890.0,4136034.0,1677406.0,3752805.0,3063189.0,2753125.0,2333495.0,1420159.5464866685,2080863.0,1121077.0,647399.0,1313347.7036899999,1976472.0,2108801.0,536.4166666666667,21.770833333333336,-5.71,-3.4695,-3.4762,-2.33
2026,4,61325146.0,49405235.0,37941549.0,16915234.0,22537391.0,8076084.0,10501799.0,17805326.0,12187177.0,7880239.0,1377695.0,5005092.0,3985826.0,1560814.0,3235180.0,2715334.0,2403918.0,132538.0,1799127.0,2043728.0,1082085.0,623129.0,1372721.3103399996,1811601.0,1885116.0,338.0416666666667,36.72916666666666,8.5708,11.1634,9.869,11.1519
2026,5,64609330.0,52329668.0,41759413.0,18346571.0,24253452.0,8293552.0,10935893.0,19596641.0,13369465.0,8531267.0,1486557.0,5046741.0,4325733.0,1607158.0,3701853.0,3254078.0,2648396.0,,2056848.0,2305507.0,1186942.0,791091.0,1721067.2614500013,1829285.0,1924330.0,191.35416666666669,82.81249999999999,1.177,2.3691,0.0,0.0
2026,6,73269146.0,58908226.0,47196179.0,20023075.0,27145838.0,9574732.0,12730045.0,22136955.0,15135420.0,10001390.0,1825641.0,5103708.0,4711631.0,1683737.0,4087741.0,4016576.0,3803821.0,,2351894.6249099867,2596840.0,1398030.0,1048275.0,1907212.7013499993,1887046.0,2106650.0,35.916666666666664,205.54166666666666,0.0,3.5693,2.3644,2.3644
2026,7,85612424.0,69328915.0,51472660.0,23413760.0,32250419.0,11194363.0,14982463.0,25225754.0,17184230.0,11392576.0,2252203.0,5419153.0,5565028.0,1900891.0,4864535.0,4723311.0,4301456.0,,2749148.0,2948709.0,1567335.0,1150942.0,2246944.8658999987,2047127.0,2536311.0,3.9999999999999996,347.81250000000006,2.3598,2.3598,,2.3598
2026,8,81685017.0,65894313.0,54385175.0,25365776.0,32124808.0,11155533.0,14543028.0,25140411.0,17201523.0,11005546.0,2193125.0,5366450.0,5219108.0,1903570.0,4631325.0,5007281.0,4368853.0,,2649831.889030827,2846067.0,1585407.0,1164117.0,2083126.9794900005,2077415.0,2845508.0,6.270833333333333,311.66666666666663,1.1713,,,1.1713
